--
-- PostgreSQL database dump
--


-- Dumped from database version 14.19 (Debian 14.19-1.pgdg13+1)
-- Dumped by pg_dump version 14.19 (Debian 14.19-1.pgdg13+1)

SET statement_timeout = 0;
SET lock_timeout = 0;
SET idle_in_transaction_session_timeout = 0;
SET client_encoding = 'UTF8';
SET standard_conforming_strings = on;
SELECT pg_catalog.set_config('search_path', '', false);
SET check_function_bodies = false;
SET xmloption = content;
SET client_min_messages = warning;
SET row_security = off;

SET default_tablespace = '';

SET default_table_access_method = heap;

--
-- Name: auth_group; Type: TABLE; Schema: public; Owner: turismo
--

CREATE TABLE public.auth_group (
    id integer NOT NULL,
    name character varying(150) NOT NULL
);



--
-- Name: auth_group_id_seq; Type: SEQUENCE; Schema: public; Owner: turismo
--

ALTER TABLE public.auth_group ALTER COLUMN id ADD GENERATED BY DEFAULT AS IDENTITY (
    SEQUENCE NAME public.auth_group_id_seq
    START WITH 1
    INCREMENT BY 1
    NO MINVALUE
    NO MAXVALUE
    CACHE 1
);


--
-- Name: auth_group_permissions; Type: TABLE; Schema: public; Owner: turismo
--

CREATE TABLE public.auth_group_permissions (
    id integer NOT NULL,
    group_id integer NOT NULL,
    permission_id integer NOT NULL
);



--
-- Name: auth_group_permissions_id_seq; Type: SEQUENCE; Schema: public; Owner: turismo
--

ALTER TABLE public.auth_group_permissions ALTER COLUMN id ADD GENERATED BY DEFAULT AS IDENTITY (
    SEQUENCE NAME public.auth_group_permissions_id_seq
    START WITH 1
    INCREMENT BY 1
    NO MINVALUE
    NO MAXVALUE
    CACHE 1
);


--
-- Name: auth_permission; Type: TABLE; Schema: public; Owner: turismo
--

CREATE TABLE public.auth_permission (
    id integer NOT NULL,
    name character varying(255) NOT NULL,
    content_type_id integer NOT NULL,
    codename character varying(100) NOT NULL
);



--
-- Name: auth_permission_id_seq; Type: SEQUENCE; Schema: public; Owner: turismo
--

ALTER TABLE public.auth_permission ALTER COLUMN id ADD GENERATED BY DEFAULT AS IDENTITY (
    SEQUENCE NAME public.auth_permission_id_seq
    START WITH 1
    INCREMENT BY 1
    NO MINVALUE
    NO MAXVALUE
    CACHE 1
);


--
-- Name: auth_user; Type: TABLE; Schema: public; Owner: turismo
--

CREATE TABLE public.auth_user (
    id integer NOT NULL,
    password character varying(128) NOT NULL,
    last_login timestamp with time zone,
    is_superuser boolean NOT NULL,
    username character varying(150) NOT NULL,
    first_name character varying(150) NOT NULL,
    last_name character varying(150) NOT NULL,
    email character varying(254) NOT NULL,
    is_staff boolean NOT NULL,
    is_active boolean NOT NULL,
    date_joined timestamp with time zone NOT NULL
);



--
-- Name: auth_user_groups; Type: TABLE; Schema: public; Owner: turismo
--

CREATE TABLE public.auth_user_groups (
    id integer NOT NULL,
    user_id integer NOT NULL,
    group_id integer NOT NULL
);



--
-- Name: auth_user_groups_id_seq; Type: SEQUENCE; Schema: public; Owner: turismo
--

ALTER TABLE public.auth_user_groups ALTER COLUMN id ADD GENERATED BY DEFAULT AS IDENTITY (
    SEQUENCE NAME public.auth_user_groups_id_seq
    START WITH 1
    INCREMENT BY 1
    NO MINVALUE
    NO MAXVALUE
    CACHE 1
);


--
-- Name: auth_user_id_seq; Type: SEQUENCE; Schema: public; Owner: turismo
--

ALTER TABLE public.auth_user ALTER COLUMN id ADD GENERATED BY DEFAULT AS IDENTITY (
    SEQUENCE NAME public.auth_user_id_seq
    START WITH 1
    INCREMENT BY 1
    NO MINVALUE
    NO MAXVALUE
    CACHE 1
);


--
-- Name: auth_user_user_permissions; Type: TABLE; Schema: public; Owner: turismo
--

CREATE TABLE public.auth_user_user_permissions (
    id integer NOT NULL,
    user_id integer NOT NULL,
    permission_id integer NOT NULL
);



--
-- Name: auth_user_user_permissions_id_seq; Type: SEQUENCE; Schema: public; Owner: turismo
--

ALTER TABLE public.auth_user_user_permissions ALTER COLUMN id ADD GENERATED BY DEFAULT AS IDENTITY (
    SEQUENCE NAME public.auth_user_user_permissions_id_seq
    START WITH 1
    INCREMENT BY 1
    NO MINVALUE
    NO MAXVALUE
    CACHE 1
);


--
-- Name: core_habitacion; Type: TABLE; Schema: public; Owner: turismo
--

CREATE TABLE public.core_habitacion (
    num character varying(20) NOT NULL,
    caracteristicas text NOT NULL,
    precio double precision NOT NULL,
    disponible boolean NOT NULL,
    fecha_creacion date NOT NULL,
    cant_huespedes integer NOT NULL,
    codigo_hotel_id bigint NOT NULL
);



--
-- Name: core_hotel; Type: TABLE; Schema: public; Owner: turismo
--

CREATE TABLE public.core_hotel (
    id_hotel bigint NOT NULL,
    nombre character varying(255) NOT NULL,
    ubicacion character varying(255) NOT NULL,
    departamento character varying(100) NOT NULL,
    calificacion double precision NOT NULL,
    estado boolean NOT NULL,
    fecha_creacion date NOT NULL
);



--
-- Name: core_lugarturistico; Type: TABLE; Schema: public; Owner: turismo
--

CREATE TABLE public.core_lugarturistico (
    id_lugar bigint NOT NULL,
    nombre character varying(255) NOT NULL,
    ubicacion character varying(255) NOT NULL,
    departamento character varying(100) NOT NULL,
    tipo character varying(50) NOT NULL,
    fecha_creacion date NOT NULL
);



--
-- Name: core_pago; Type: TABLE; Schema: public; Owner: turismo
--

CREATE TABLE public.core_pago (
    id_pago bigint NOT NULL,
    tipo_pago character varying(50) NOT NULL,
    monto double precision NOT NULL,
    fecha date NOT NULL,
    fecha_creacion date NOT NULL
);



--
-- Name: core_paquete; Type: TABLE; Schema: public; Owner: turismo
--

CREATE TABLE public.core_paquete (
    id_paquete bigint NOT NULL,
    precio double precision NOT NULL,
    fecha_creacion date NOT NULL,
    id_lugar_id bigint NOT NULL,
    id_reserva_id bigint NOT NULL
);



--
-- Name: core_reserva; Type: TABLE; Schema: public; Owner: turismo
--

CREATE TABLE public.core_reserva (
    id_reserva bigint NOT NULL,
    fecha_reserva date NOT NULL,
    fecha_caducidad date NOT NULL,
    fecha_creacion date NOT NULL,
    codigo_hotel_id bigint NOT NULL,
    id_pago_id bigint NOT NULL,
    num_habitacion_id character varying(20) NOT NULL,
    ci_usuario_id bigint NOT NULL
);



--
-- Name: core_sugerencias; Type: TABLE; Schema: public; Owner: turismo
--

CREATE TABLE public.core_sugerencias (
    id_sugerencia bigint NOT NULL,
    preferencias text NOT NULL,
    fecha_creacion date NOT NULL,
    ci_usuario_id bigint NOT NULL
);



--
-- Name: core_usuario; Type: TABLE; Schema: public; Owner: turismo
--

CREATE TABLE public.core_usuario (
    ci bigint NOT NULL,
    nombre character varying(255) NOT NULL,
    correo character varying(255) NOT NULL,
    contrasenia character varying(255) NOT NULL,
    rol character varying(50) NOT NULL,
    pais character varying(50) NOT NULL,
    pasaporte character varying(50) NOT NULL,
    estado boolean NOT NULL,
    fecha_creacion date NOT NULL
);



--
-- Name: django_admin_log; Type: TABLE; Schema: public; Owner: turismo
--

CREATE TABLE public.django_admin_log (
    id integer NOT NULL,
    action_time timestamp with time zone NOT NULL,
    object_id text,
    object_repr character varying(200) NOT NULL,
    action_flag smallint NOT NULL,
    change_message text NOT NULL,
    content_type_id integer,
    user_id integer NOT NULL,
    CONSTRAINT django_admin_log_action_flag_check CHECK ((action_flag >= 0))
);



--
-- Name: django_admin_log_id_seq; Type: SEQUENCE; Schema: public; Owner: turismo
--

ALTER TABLE public.django_admin_log ALTER COLUMN id ADD GENERATED BY DEFAULT AS IDENTITY (
    SEQUENCE NAME public.django_admin_log_id_seq
    START WITH 1
    INCREMENT BY 1
    NO MINVALUE
    NO MAXVALUE
    CACHE 1
);


--
-- Name: django_content_type; Type: TABLE; Schema: public; Owner: turismo
--

CREATE TABLE public.django_content_type (
    id integer NOT NULL,
    app_label character varying(100) NOT NULL,
    model character varying(100) NOT NULL
);



--
-- Name: django_content_type_id_seq; Type: SEQUENCE; Schema: public; Owner: turismo
--

ALTER TABLE public.django_content_type ALTER COLUMN id ADD GENERATED BY DEFAULT AS IDENTITY (
    SEQUENCE NAME public.django_content_type_id_seq
    START WITH 1
    INCREMENT BY 1
    NO MINVALUE
    NO MAXVALUE
    CACHE 1
);


--
-- Name: django_migrations; Type: TABLE; Schema: public; Owner: turismo
--

CREATE TABLE public.django_migrations (
    id integer NOT NULL,
    app character varying(255) NOT NULL,
    name character varying(255) NOT NULL,
    applied timestamp with time zone NOT NULL
);



--
-- Name: django_migrations_id_seq; Type: SEQUENCE; Schema: public; Owner: turismo
--

ALTER TABLE public.django_migrations ALTER COLUMN id ADD GENERATED BY DEFAULT AS IDENTITY (
    SEQUENCE NAME public.django_migrations_id_seq
    START WITH 1
    INCREMENT BY 1
    NO MINVALUE
    NO MAXVALUE
    CACHE 1
);


--
-- Name: django_session; Type: TABLE; Schema: public; Owner: turismo
--

CREATE TABLE public.django_session (
    session_key character varying(40) NOT NULL,
    session_data text NOT NULL,
    expire_date timestamp with time zone NOT NULL
);



--
-- Data for Name: auth_group; Type: TABLE DATA; Schema: public; Owner: turismo
--

COPY public.auth_group (id, name) FROM stdin;
\.


--
-- Data for Name: auth_group_permissions; Type: TABLE DATA; Schema: public; Owner: turismo
--

COPY public.auth_group_permissions (id, group_id, permission_id) FROM stdin;
\.


--
-- Data for Name: auth_permission; Type: TABLE DATA; Schema: public; Owner: turismo
--

COPY public.auth_permission (id, name, content_type_id, codename) FROM stdin;
1	Can add log entry	1	add_logentry
2	Can change log entry	1	change_logentry
3	Can delete log entry	1	delete_logentry
4	Can view log entry	1	view_logentry
5	Can add permission	2	add_permission
6	Can change permission	2	change_permission
7	Can delete permission	2	delete_permission
8	Can view permission	2	view_permission
9	Can add group	3	add_group
10	Can change group	3	change_group
11	Can delete group	3	delete_group
12	Can view group	3	view_group
13	Can add user	4	add_user
14	Can change user	4	change_user
15	Can delete user	4	delete_user
16	Can view user	4	view_user
17	Can add content type	5	add_contenttype
18	Can change content type	5	change_contenttype
19	Can delete content type	5	delete_contenttype
20	Can view content type	5	view_contenttype
21	Can add session	6	add_session
22	Can change session	6	change_session
23	Can delete session	6	delete_session
24	Can view session	6	view_session
25	Can add paquete	7	add_paquete
26	Can change paquete	7	change_paquete
27	Can delete paquete	7	delete_paquete
28	Can view paquete	7	view_paquete
29	Can add reserva	8	add_reserva
30	Can change reserva	8	change_reserva
31	Can delete reserva	8	delete_reserva
32	Can view reserva	8	view_reserva
33	Can add usuario	9	add_usuario
34	Can change usuario	9	change_usuario
35	Can delete usuario	9	delete_usuario
36	Can view usuario	9	view_usuario
37	Can add hotel	10	add_hotel
38	Can change hotel	10	change_hotel
39	Can delete hotel	10	delete_hotel
40	Can view hotel	10	view_hotel
41	Can add sugerencias	11	add_sugerencias
42	Can change sugerencias	11	change_sugerencias
43	Can delete sugerencias	11	delete_sugerencias
44	Can view sugerencias	11	view_sugerencias
45	Can add habitacion	12	add_habitacion
46	Can change habitacion	12	change_habitacion
47	Can delete habitacion	12	delete_habitacion
48	Can view habitacion	12	view_habitacion
49	Can add pago	13	add_pago
50	Can change pago	13	change_pago
51	Can delete pago	13	delete_pago
52	Can view pago	13	view_pago
53	Can add lugar turistico	14	add_lugarturistico
54	Can change lugar turistico	14	change_lugarturistico
55	Can delete lugar turistico	14	delete_lugarturistico
56	Can view lugar turistico	14	view_lugarturistico
\.


--
-- Data for Name: auth_user; Type: TABLE DATA; Schema: public; Owner: turismo
--

COPY public.auth_user (id, password, last_login, is_superuser, username, first_name, last_name, email, is_staff, is_active, date_joined) FROM stdin;
1	pbkdf2_sha256$720000$PplxRdggV3IAi6xM3SDwOa$AHR1emXXm9RlyBblHlpUeGnwS94nFjBX2jFPz5+d+ks=	2025-09-18 20:20:54.443011+00	t	revons			revons@gmail.com	t	t	2025-09-18 20:20:43.421594+00
\.


--
-- Data for Name: auth_user_groups; Type: TABLE DATA; Schema: public; Owner: turismo
--

COPY public.auth_user_groups (id, user_id, group_id) FROM stdin;
\.


--
-- Data for Name: auth_user_user_permissions; Type: TABLE DATA; Schema: public; Owner: turismo
--

COPY public.auth_user_user_permissions (id, user_id, permission_id) FROM stdin;
\.


--
-- Data for Name: core_habitacion; Type: TABLE DATA; Schema: public; Owner: turismo
--

COPY public.core_habitacion (num, caracteristicas, precio, disponible, fecha_creacion, cant_huespedes, codigo_hotel_id) FROM stdin;
1	Lugar amplio	300	t	2025-09-18	4	1
2	Lugar amplio, vista larga	400	t	2025-09-18	5	2
3	Popular en la zona	500	t	2025-09-18	4	3
\.


--
-- Data for Name: core_hotel; Type: TABLE DATA; Schema: public; Owner: turismo
--

COPY public.core_hotel (id_hotel, nombre, ubicacion, departamento, calificacion, estado, fecha_creacion) FROM stdin;
1	Hotel Aranjuez	Av. America, pasaje Garcia	Cochabamba	8	t	2025-09-18
2	Hotel San Carlos	Av. Libertador	Beni	8	t	2025-09-18
3	Hotel Vendimia	Av. Fierza	La Paz	9	t	2025-09-18
4	Hotel Sanchez	Av. Blanco Galindo	Pando	8	t	2025-09-18
\.


--
-- Data for Name: core_lugarturistico; Type: TABLE DATA; Schema: public; Owner: turismo
--

COPY public.core_lugarturistico (id_lugar, nombre, ubicacion, departamento, tipo, fecha_creacion) FROM stdin;
\.


--
-- Data for Name: core_pago; Type: TABLE DATA; Schema: public; Owner: turismo
--

COPY public.core_pago (id_pago, tipo_pago, monto, fecha, fecha_creacion) FROM stdin;
\.


--
-- Data for Name: core_paquete; Type: TABLE DATA; Schema: public; Owner: turismo
--

COPY public.core_paquete (id_paquete, precio, fecha_creacion, id_lugar_id, id_reserva_id) FROM stdin;
\.


--
-- Data for Name: core_reserva; Type: TABLE DATA; Schema: public; Owner: turismo
--

COPY public.core_reserva (id_reserva, fecha_reserva, fecha_caducidad, fecha_creacion, codigo_hotel_id, id_pago_id, num_habitacion_id, ci_usuario_id) FROM stdin;
\.


--
-- Data for Name: core_sugerencias; Type: TABLE DATA; Schema: public; Owner: turismo
--

COPY public.core_sugerencias (id_sugerencia, preferencias, fecha_creacion, ci_usuario_id) FROM stdin;
\.


--
-- Data for Name: core_usuario; Type: TABLE DATA; Schema: public; Owner: turismo
--

COPY public.core_usuario (ci, nombre, correo, contrasenia, rol, pais, pasaporte, estado, fecha_creacion) FROM stdin;
101	Franco Daltonio	franco@gmail.com	9474120	superadmin	Bolivia	A1234567	t	2025-09-18
\.


--
-- Data for Name: django_admin_log; Type: TABLE DATA; Schema: public; Owner: turismo
--

COPY public.django_admin_log (id, action_time, object_id, object_repr, action_flag, change_message, content_type_id, user_id) FROM stdin;
1	2025-09-18 20:21:42.781652+00	2	Hotel object (2)	1	[{"added": {}}]	10	1
2	2025-09-18 20:21:49.285861+00	2	Hotel object (2)	2	[{"changed": {"fields": ["Estado"]}}]	10	1
3	2025-09-18 20:22:27.299929+00	3	Hotel object (3)	1	[{"added": {}}]	10	1
4	2025-09-18 20:23:05.66321+00	4	Hotel object (4)	1	[{"added": {}}]	10	1
5	2025-09-18 20:23:32.769276+00	2	Habitacion object (2)	1	[{"added": {}}]	12	1
6	2025-09-18 20:23:57.630011+00	3	Habitacion object (3)	1	[{"added": {}}]	12	1
\.


--
-- Data for Name: django_content_type; Type: TABLE DATA; Schema: public; Owner: turismo
--

COPY public.django_content_type (id, app_label, model) FROM stdin;
1	admin	logentry
2	auth	permission
3	auth	group
4	auth	user
5	contenttypes	contenttype
6	sessions	session
7	core	paquete
8	core	reserva
9	core	usuario
10	core	hotel
11	core	sugerencias
12	core	habitacion
13	core	pago
14	core	lugarturistico
\.


--
-- Data for Name: django_migrations; Type: TABLE DATA; Schema: public; Owner: turismo
--

COPY public.django_migrations (id, app, name, applied) FROM stdin;
1	contenttypes	0001_initial	2025-09-18 07:52:06.851984+00
2	auth	0001_initial	2025-09-18 07:52:07.410666+00
3	admin	0001_initial	2025-09-18 07:52:07.549599+00
4	admin	0002_logentry_remove_auto_add	2025-09-18 07:52:07.56858+00
5	admin	0003_logentry_add_action_flag_choices	2025-09-18 07:52:07.587829+00
6	contenttypes	0002_remove_content_type_name	2025-09-18 07:52:07.615922+00
7	auth	0002_alter_permission_name_max_length	2025-09-18 07:52:07.632953+00
8	auth	0003_alter_user_email_max_length	2025-09-18 07:52:07.650964+00
9	auth	0004_alter_user_username_opts	2025-09-18 07:52:07.667642+00
10	auth	0005_alter_user_last_login_null	2025-09-18 07:52:07.68737+00
11	auth	0006_require_contenttypes_0002	2025-09-18 07:52:07.69981+00
12	auth	0007_alter_validators_add_error_messages	2025-09-18 07:52:07.718169+00
13	auth	0008_alter_user_username_max_length	2025-09-18 07:52:07.760759+00
14	auth	0009_alter_user_last_name_max_length	2025-09-18 07:52:07.778679+00
15	auth	0010_alter_group_name_max_length	2025-09-18 07:52:07.797849+00
16	auth	0011_update_proxy_permissions	2025-09-18 07:52:07.814629+00
17	auth	0012_alter_user_first_name_max_length	2025-09-18 07:52:07.833705+00
18	sessions	0001_initial	2025-09-18 07:52:07.952285+00
19	core	0001_initial	2025-09-18 07:56:31.569572+00
\.


--
-- Data for Name: django_session; Type: TABLE DATA; Schema: public; Owner: turismo
--

COPY public.django_session (session_key, session_data, expire_date) FROM stdin;
loytw02349xw2rnc3877a6ix7nv0ypdu	.eJxVjDsOwyAQBe9CHSF-iyFlep8BLQsEJxGWjF1FuXuE5CJp38y8Nwt47DUcPW9hSezKJLv8bhHpmdsA6YHtvnJa274tkQ-Fn7TzeU35dTvdv4OKvY7aABDoAqW4KaJRLk-ekraUyZNxMYEtZJUsyqGQwrrindfKau0FALDPF_GvN2U:1uzL7e:dG78Z85iy8-m6MpDQg20cLL4rZmcMvj9hydha0eerxA	2025-10-02 20:20:54.457786+00
\.


--
-- Name: auth_group_id_seq; Type: SEQUENCE SET; Schema: public; Owner: turismo
--

SELECT pg_catalog.setval('public.auth_group_id_seq', 1, false);


--
-- Name: auth_group_permissions_id_seq; Type: SEQUENCE SET; Schema: public; Owner: turismo
--

SELECT pg_catalog.setval('public.auth_group_permissions_id_seq', 1, false);


--
-- Name: auth_permission_id_seq; Type: SEQUENCE SET; Schema: public; Owner: turismo
--

SELECT pg_catalog.setval('public.auth_permission_id_seq', 56, true);


--
-- Name: auth_user_groups_id_seq; Type: SEQUENCE SET; Schema: public; Owner: turismo
--

SELECT pg_catalog.setval('public.auth_user_groups_id_seq', 1, false);


--
-- Name: auth_user_id_seq; Type: SEQUENCE SET; Schema: public; Owner: turismo
--

SELECT pg_catalog.setval('public.auth_user_id_seq', 1, true);


--
-- Name: auth_user_user_permissions_id_seq; Type: SEQUENCE SET; Schema: public; Owner: turismo
--

SELECT pg_catalog.setval('public.auth_user_user_permissions_id_seq', 1, false);


--
-- Name: django_admin_log_id_seq; Type: SEQUENCE SET; Schema: public; Owner: turismo
--

SELECT pg_catalog.setval('public.django_admin_log_id_seq', 6, true);


--
-- Name: django_content_type_id_seq; Type: SEQUENCE SET; Schema: public; Owner: turismo
--

SELECT pg_catalog.setval('public.django_content_type_id_seq', 14, true);


--
-- Name: django_migrations_id_seq; Type: SEQUENCE SET; Schema: public; Owner: turismo
--

SELECT pg_catalog.setval('public.django_migrations_id_seq', 19, true);


--
-- Name: auth_group auth_group_name_key; Type: CONSTRAINT; Schema: public; Owner: turismo
--

ALTER TABLE ONLY public.auth_group
    ADD CONSTRAINT auth_group_name_key UNIQUE (name);


--
-- Name: auth_group_permissions auth_group_permissions_group_id_permission_id_0cd325b0_uniq; Type: CONSTRAINT; Schema: public; Owner: turismo
--

ALTER TABLE ONLY public.auth_group_permissions
    ADD CONSTRAINT auth_group_permissions_group_id_permission_id_0cd325b0_uniq UNIQUE (group_id, permission_id);


--
-- Name: auth_group_permissions auth_group_permissions_pkey; Type: CONSTRAINT; Schema: public; Owner: turismo
--

ALTER TABLE ONLY public.auth_group_permissions
    ADD CONSTRAINT auth_group_permissions_pkey PRIMARY KEY (id);


--
-- Name: auth_group auth_group_pkey; Type: CONSTRAINT; Schema: public; Owner: turismo
--

ALTER TABLE ONLY public.auth_group
    ADD CONSTRAINT auth_group_pkey PRIMARY KEY (id);


--
-- Name: auth_permission auth_permission_content_type_id_codename_01ab375a_uniq; Type: CONSTRAINT; Schema: public; Owner: turismo
--

ALTER TABLE ONLY public.auth_permission
    ADD CONSTRAINT auth_permission_content_type_id_codename_01ab375a_uniq UNIQUE (content_type_id, codename);


--
-- Name: auth_permission auth_permission_pkey; Type: CONSTRAINT; Schema: public; Owner: turismo
--

ALTER TABLE ONLY public.auth_permission
    ADD CONSTRAINT auth_permission_pkey PRIMARY KEY (id);


--
-- Name: auth_user_groups auth_user_groups_pkey; Type: CONSTRAINT; Schema: public; Owner: turismo
--

ALTER TABLE ONLY public.auth_user_groups
    ADD CONSTRAINT auth_user_groups_pkey PRIMARY KEY (id);


--
-- Name: auth_user_groups auth_user_groups_user_id_group_id_94350c0c_uniq; Type: CONSTRAINT; Schema: public; Owner: turismo
--

ALTER TABLE ONLY public.auth_user_groups
    ADD CONSTRAINT auth_user_groups_user_id_group_id_94350c0c_uniq UNIQUE (user_id, group_id);


--
-- Name: auth_user auth_user_pkey; Type: CONSTRAINT; Schema: public; Owner: turismo
--

ALTER TABLE ONLY public.auth_user
    ADD CONSTRAINT auth_user_pkey PRIMARY KEY (id);


--
-- Name: auth_user_user_permissions auth_user_user_permissions_pkey; Type: CONSTRAINT; Schema: public; Owner: turismo
--

ALTER TABLE ONLY public.auth_user_user_permissions
    ADD CONSTRAINT auth_user_user_permissions_pkey PRIMARY KEY (id);


--
-- Name: auth_user_user_permissions auth_user_user_permissions_user_id_permission_id_14a6b632_uniq; Type: CONSTRAINT; Schema: public; Owner: turismo
--

ALTER TABLE ONLY public.auth_user_user_permissions
    ADD CONSTRAINT auth_user_user_permissions_user_id_permission_id_14a6b632_uniq UNIQUE (user_id, permission_id);


--
-- Name: auth_user auth_user_username_key; Type: CONSTRAINT; Schema: public; Owner: turismo
--

ALTER TABLE ONLY public.auth_user
    ADD CONSTRAINT auth_user_username_key UNIQUE (username);


--
-- Name: core_habitacion core_habitacion_pkey; Type: CONSTRAINT; Schema: public; Owner: turismo
--

ALTER TABLE ONLY public.core_habitacion
    ADD CONSTRAINT core_habitacion_pkey PRIMARY KEY (num);


--
-- Name: core_hotel core_hotel_pkey; Type: CONSTRAINT; Schema: public; Owner: turismo
--

ALTER TABLE ONLY public.core_hotel
    ADD CONSTRAINT core_hotel_pkey PRIMARY KEY (id_hotel);


--
-- Name: core_lugarturistico core_lugarturistico_pkey; Type: CONSTRAINT; Schema: public; Owner: turismo
--

ALTER TABLE ONLY public.core_lugarturistico
    ADD CONSTRAINT core_lugarturistico_pkey PRIMARY KEY (id_lugar);


--
-- Name: core_pago core_pago_pkey; Type: CONSTRAINT; Schema: public; Owner: turismo
--

ALTER TABLE ONLY public.core_pago
    ADD CONSTRAINT core_pago_pkey PRIMARY KEY (id_pago);


--
-- Name: core_paquete core_paquete_pkey; Type: CONSTRAINT; Schema: public; Owner: turismo
--

ALTER TABLE ONLY public.core_paquete
    ADD CONSTRAINT core_paquete_pkey PRIMARY KEY (id_paquete);


--
-- Name: core_reserva core_reserva_pkey; Type: CONSTRAINT; Schema: public; Owner: turismo
--

ALTER TABLE ONLY public.core_reserva
    ADD CONSTRAINT core_reserva_pkey PRIMARY KEY (id_reserva);


--
-- Name: core_sugerencias core_sugerencias_pkey; Type: CONSTRAINT; Schema: public; Owner: turismo
--

ALTER TABLE ONLY public.core_sugerencias
    ADD CONSTRAINT core_sugerencias_pkey PRIMARY KEY (id_sugerencia);


--
-- Name: core_usuario core_usuario_pkey; Type: CONSTRAINT; Schema: public; Owner: turismo
--

ALTER TABLE ONLY public.core_usuario
    ADD CONSTRAINT core_usuario_pkey PRIMARY KEY (ci);


--
-- Name: django_admin_log django_admin_log_pkey; Type: CONSTRAINT; Schema: public; Owner: turismo
--

ALTER TABLE ONLY public.django_admin_log
    ADD CONSTRAINT django_admin_log_pkey PRIMARY KEY (id);


--
-- Name: django_content_type django_content_type_app_label_model_76bd3d3b_uniq; Type: CONSTRAINT; Schema: public; Owner: turismo
--

ALTER TABLE ONLY public.django_content_type
    ADD CONSTRAINT django_content_type_app_label_model_76bd3d3b_uniq UNIQUE (app_label, model);


--
-- Name: django_content_type django_content_type_pkey; Type: CONSTRAINT; Schema: public; Owner: turismo
--

ALTER TABLE ONLY public.django_content_type
    ADD CONSTRAINT django_content_type_pkey PRIMARY KEY (id);


--
-- Name: django_migrations django_migrations_pkey; Type: CONSTRAINT; Schema: public; Owner: turismo
--

ALTER TABLE ONLY public.django_migrations
    ADD CONSTRAINT django_migrations_pkey PRIMARY KEY (id);


--
-- Name: django_session django_session_pkey; Type: CONSTRAINT; Schema: public; Owner: turismo
--

ALTER TABLE ONLY public.django_session
    ADD CONSTRAINT django_session_pkey PRIMARY KEY (session_key);


--
-- Name: auth_group_name_a6ea08ec_like; Type: INDEX; Schema: public; Owner: turismo
--

CREATE INDEX auth_group_name_a6ea08ec_like ON public.auth_group USING btree (name varchar_pattern_ops);


--
-- Name: auth_group_permissions_group_id_b120cbf9; Type: INDEX; Schema: public; Owner: turismo
--

CREATE INDEX auth_group_permissions_group_id_b120cbf9 ON public.auth_group_permissions USING btree (group_id);


--
-- Name: auth_group_permissions_permission_id_84c5c92e; Type: INDEX; Schema: public; Owner: turismo
--

CREATE INDEX auth_group_permissions_permission_id_84c5c92e ON public.auth_group_permissions USING btree (permission_id);


--
-- Name: auth_permission_content_type_id_2f476e4b; Type: INDEX; Schema: public; Owner: turismo
--

CREATE INDEX auth_permission_content_type_id_2f476e4b ON public.auth_permission USING btree (content_type_id);


--
-- Name: auth_user_groups_group_id_97559544; Type: INDEX; Schema: public; Owner: turismo
--

CREATE INDEX auth_user_groups_group_id_97559544 ON public.auth_user_groups USING btree (group_id);


--
-- Name: auth_user_groups_user_id_6a12ed8b; Type: INDEX; Schema: public; Owner: turismo
--

CREATE INDEX auth_user_groups_user_id_6a12ed8b ON public.auth_user_groups USING btree (user_id);


--
-- Name: auth_user_user_permissions_permission_id_1fbb5f2c; Type: INDEX; Schema: public; Owner: turismo
--

CREATE INDEX auth_user_user_permissions_permission_id_1fbb5f2c ON public.auth_user_user_permissions USING btree (permission_id);


--
-- Name: auth_user_user_permissions_user_id_a95ead1b; Type: INDEX; Schema: public; Owner: turismo
--

CREATE INDEX auth_user_user_permissions_user_id_a95ead1b ON public.auth_user_user_permissions USING btree (user_id);


--
-- Name: auth_user_username_6821ab7c_like; Type: INDEX; Schema: public; Owner: turismo
--

CREATE INDEX auth_user_username_6821ab7c_like ON public.auth_user USING btree (username varchar_pattern_ops);


--
-- Name: core_habitacion_codigo_hotel_id_e5c48fa2; Type: INDEX; Schema: public; Owner: turismo
--

CREATE INDEX core_habitacion_codigo_hotel_id_e5c48fa2 ON public.core_habitacion USING btree (codigo_hotel_id);


--
-- Name: core_habitacion_num_e0f6f2f6_like; Type: INDEX; Schema: public; Owner: turismo
--

CREATE INDEX core_habitacion_num_e0f6f2f6_like ON public.core_habitacion USING btree (num varchar_pattern_ops);


--
-- Name: core_paquete_id_lugar_id_c0f34e2c; Type: INDEX; Schema: public; Owner: turismo
--

CREATE INDEX core_paquete_id_lugar_id_c0f34e2c ON public.core_paquete USING btree (id_lugar_id);


--
-- Name: core_paquete_id_reserva_id_d7c2053e; Type: INDEX; Schema: public; Owner: turismo
--

CREATE INDEX core_paquete_id_reserva_id_d7c2053e ON public.core_paquete USING btree (id_reserva_id);


--
-- Name: core_reserva_ci_usuario_id_f74b10cd; Type: INDEX; Schema: public; Owner: turismo
--

CREATE INDEX core_reserva_ci_usuario_id_f74b10cd ON public.core_reserva USING btree (ci_usuario_id);


--
-- Name: core_reserva_codigo_hotel_id_e25f3f7d; Type: INDEX; Schema: public; Owner: turismo
--

CREATE INDEX core_reserva_codigo_hotel_id_e25f3f7d ON public.core_reserva USING btree (codigo_hotel_id);


--
-- Name: core_reserva_id_pago_id_f4ba5c34; Type: INDEX; Schema: public; Owner: turismo
--

CREATE INDEX core_reserva_id_pago_id_f4ba5c34 ON public.core_reserva USING btree (id_pago_id);


--
-- Name: core_reserva_num_habitacion_id_115c27ed; Type: INDEX; Schema: public; Owner: turismo
--

CREATE INDEX core_reserva_num_habitacion_id_115c27ed ON public.core_reserva USING btree (num_habitacion_id);


--
-- Name: core_reserva_num_habitacion_id_115c27ed_like; Type: INDEX; Schema: public; Owner: turismo
--

CREATE INDEX core_reserva_num_habitacion_id_115c27ed_like ON public.core_reserva USING btree (num_habitacion_id varchar_pattern_ops);


--
-- Name: core_sugerencias_ci_usuario_id_52558921; Type: INDEX; Schema: public; Owner: turismo
--

CREATE INDEX core_sugerencias_ci_usuario_id_52558921 ON public.core_sugerencias USING btree (ci_usuario_id);


--
-- Name: django_admin_log_content_type_id_c4bce8eb; Type: INDEX; Schema: public; Owner: turismo
--

CREATE INDEX django_admin_log_content_type_id_c4bce8eb ON public.django_admin_log USING btree (content_type_id);


--
-- Name: django_admin_log_user_id_c564eba6; Type: INDEX; Schema: public; Owner: turismo
--

CREATE INDEX django_admin_log_user_id_c564eba6 ON public.django_admin_log USING btree (user_id);


--
-- Name: django_session_expire_date_a5c62663; Type: INDEX; Schema: public; Owner: turismo
--

CREATE INDEX django_session_expire_date_a5c62663 ON public.django_session USING btree (expire_date);


--
-- Name: django_session_session_key_c0390e0f_like; Type: INDEX; Schema: public; Owner: turismo
--

CREATE INDEX django_session_session_key_c0390e0f_like ON public.django_session USING btree (session_key varchar_pattern_ops);


--
-- Name: auth_group_permissions auth_group_permissio_permission_id_84c5c92e_fk_auth_perm; Type: FK CONSTRAINT; Schema: public; Owner: turismo
--

ALTER TABLE ONLY public.auth_group_permissions
    ADD CONSTRAINT auth_group_permissio_permission_id_84c5c92e_fk_auth_perm FOREIGN KEY (permission_id) REFERENCES public.auth_permission(id) DEFERRABLE INITIALLY DEFERRED;


--
-- Name: auth_group_permissions auth_group_permissions_group_id_b120cbf9_fk_auth_group_id; Type: FK CONSTRAINT; Schema: public; Owner: turismo
--

ALTER TABLE ONLY public.auth_group_permissions
    ADD CONSTRAINT auth_group_permissions_group_id_b120cbf9_fk_auth_group_id FOREIGN KEY (group_id) REFERENCES public.auth_group(id) DEFERRABLE INITIALLY DEFERRED;


--
-- Name: auth_permission auth_permission_content_type_id_2f476e4b_fk_django_co; Type: FK CONSTRAINT; Schema: public; Owner: turismo
--

ALTER TABLE ONLY public.auth_permission
    ADD CONSTRAINT auth_permission_content_type_id_2f476e4b_fk_django_co FOREIGN KEY (content_type_id) REFERENCES public.django_content_type(id) DEFERRABLE INITIALLY DEFERRED;


--
-- Name: auth_user_groups auth_user_groups_group_id_97559544_fk_auth_group_id; Type: FK CONSTRAINT; Schema: public; Owner: turismo
--

ALTER TABLE ONLY public.auth_user_groups
    ADD CONSTRAINT auth_user_groups_group_id_97559544_fk_auth_group_id FOREIGN KEY (group_id) REFERENCES public.auth_group(id) DEFERRABLE INITIALLY DEFERRED;


--
-- Name: auth_user_groups auth_user_groups_user_id_6a12ed8b_fk_auth_user_id; Type: FK CONSTRAINT; Schema: public; Owner: turismo
--

ALTER TABLE ONLY public.auth_user_groups
    ADD CONSTRAINT auth_user_groups_user_id_6a12ed8b_fk_auth_user_id FOREIGN KEY (user_id) REFERENCES public.auth_user(id) DEFERRABLE INITIALLY DEFERRED;


--
-- Name: auth_user_user_permissions auth_user_user_permi_permission_id_1fbb5f2c_fk_auth_perm; Type: FK CONSTRAINT; Schema: public; Owner: turismo
--

ALTER TABLE ONLY public.auth_user_user_permissions
    ADD CONSTRAINT auth_user_user_permi_permission_id_1fbb5f2c_fk_auth_perm FOREIGN KEY (permission_id) REFERENCES public.auth_permission(id) DEFERRABLE INITIALLY DEFERRED;


--
-- Name: auth_user_user_permissions auth_user_user_permissions_user_id_a95ead1b_fk_auth_user_id; Type: FK CONSTRAINT; Schema: public; Owner: turismo
--

ALTER TABLE ONLY public.auth_user_user_permissions
    ADD CONSTRAINT auth_user_user_permissions_user_id_a95ead1b_fk_auth_user_id FOREIGN KEY (user_id) REFERENCES public.auth_user(id) DEFERRABLE INITIALLY DEFERRED;


--
-- Name: core_habitacion core_habitacion_codigo_hotel_id_e5c48fa2_fk_core_hotel_id_hotel; Type: FK CONSTRAINT; Schema: public; Owner: turismo
--

ALTER TABLE ONLY public.core_habitacion
    ADD CONSTRAINT core_habitacion_codigo_hotel_id_e5c48fa2_fk_core_hotel_id_hotel FOREIGN KEY (codigo_hotel_id) REFERENCES public.core_hotel(id_hotel) DEFERRABLE INITIALLY DEFERRED;


--
-- Name: core_paquete core_paquete_id_lugar_id_c0f34e2c_fk_core_luga; Type: FK CONSTRAINT; Schema: public; Owner: turismo
--

ALTER TABLE ONLY public.core_paquete
    ADD CONSTRAINT core_paquete_id_lugar_id_c0f34e2c_fk_core_luga FOREIGN KEY (id_lugar_id) REFERENCES public.core_lugarturistico(id_lugar) DEFERRABLE INITIALLY DEFERRED;


--
-- Name: core_paquete core_paquete_id_reserva_id_d7c2053e_fk_core_reserva_id_reserva; Type: FK CONSTRAINT; Schema: public; Owner: turismo
--

ALTER TABLE ONLY public.core_paquete
    ADD CONSTRAINT core_paquete_id_reserva_id_d7c2053e_fk_core_reserva_id_reserva FOREIGN KEY (id_reserva_id) REFERENCES public.core_reserva(id_reserva) DEFERRABLE INITIALLY DEFERRED;


--
-- Name: core_reserva core_reserva_ci_usuario_id_f74b10cd_fk_core_usuario_ci; Type: FK CONSTRAINT; Schema: public; Owner: turismo
--

ALTER TABLE ONLY public.core_reserva
    ADD CONSTRAINT core_reserva_ci_usuario_id_f74b10cd_fk_core_usuario_ci FOREIGN KEY (ci_usuario_id) REFERENCES public.core_usuario(ci) DEFERRABLE INITIALLY DEFERRED;


--
-- Name: core_reserva core_reserva_codigo_hotel_id_e25f3f7d_fk_core_hotel_id_hotel; Type: FK CONSTRAINT; Schema: public; Owner: turismo
--

ALTER TABLE ONLY public.core_reserva
    ADD CONSTRAINT core_reserva_codigo_hotel_id_e25f3f7d_fk_core_hotel_id_hotel FOREIGN KEY (codigo_hotel_id) REFERENCES public.core_hotel(id_hotel) DEFERRABLE INITIALLY DEFERRED;


--
-- Name: core_reserva core_reserva_id_pago_id_f4ba5c34_fk_core_pago_id_pago; Type: FK CONSTRAINT; Schema: public; Owner: turismo
--

ALTER TABLE ONLY public.core_reserva
    ADD CONSTRAINT core_reserva_id_pago_id_f4ba5c34_fk_core_pago_id_pago FOREIGN KEY (id_pago_id) REFERENCES public.core_pago(id_pago) DEFERRABLE INITIALLY DEFERRED;


--
-- Name: core_reserva core_reserva_num_habitacion_id_115c27ed_fk_core_habitacion_num; Type: FK CONSTRAINT; Schema: public; Owner: turismo
--

ALTER TABLE ONLY public.core_reserva
    ADD CONSTRAINT core_reserva_num_habitacion_id_115c27ed_fk_core_habitacion_num FOREIGN KEY (num_habitacion_id) REFERENCES public.core_habitacion(num) DEFERRABLE INITIALLY DEFERRED;


--
-- Name: core_sugerencias core_sugerencias_ci_usuario_id_52558921_fk_core_usuario_ci; Type: FK CONSTRAINT; Schema: public; Owner: turismo
--

ALTER TABLE ONLY public.core_sugerencias
    ADD CONSTRAINT core_sugerencias_ci_usuario_id_52558921_fk_core_usuario_ci FOREIGN KEY (ci_usuario_id) REFERENCES public.core_usuario(ci) DEFERRABLE INITIALLY DEFERRED;


--
-- Name: django_admin_log django_admin_log_content_type_id_c4bce8eb_fk_django_co; Type: FK CONSTRAINT; Schema: public; Owner: turismo
--

ALTER TABLE ONLY public.django_admin_log
    ADD CONSTRAINT django_admin_log_content_type_id_c4bce8eb_fk_django_co FOREIGN KEY (content_type_id) REFERENCES public.django_content_type(id) DEFERRABLE INITIALLY DEFERRED;


--
-- Name: django_admin_log django_admin_log_user_id_c564eba6_fk_auth_user_id; Type: FK CONSTRAINT; Schema: public; Owner: turismo
--

ALTER TABLE ONLY public.django_admin_log
    ADD CONSTRAINT django_admin_log_user_id_c564eba6_fk_auth_user_id FOREIGN KEY (user_id) REFERENCES public.auth_user(id) DEFERRABLE INITIALLY DEFERRED;


--
-- PostgreSQL database dump complete
--


